/*
 Navicat Premium Data Transfer

 Source Server         : localhost_3306
 Source Server Type    : MySQL
 Source Server Version : 80019
 Source Host           : localhost:3306
 Source Schema         : reststyle

 Target Server Type    : MySQL
 Target Server Version : 80019
 File Encoding         : 65001

 Date: 06/04/2021 17:22:37
*/

SET NAMES utf8mb4;
SET FOREIGN_KEY_CHECKS = 0;

-- ----------------------------
-- Table structure for gen_table
-- ----------------------------
DROP TABLE IF EXISTS `gen_table`;
CREATE TABLE `gen_table`  (
  `table_id` bigint(0) NOT NULL AUTO_INCREMENT COMMENT 'ç¼–å·',
  `table_name` varchar(200) CHARACTER SET utf8mb4 COLLATE utf8mb4_0900_ai_ci NULL DEFAULT '' COMMENT 'è¡¨åç§°',
  `table_comment` varchar(500) CHARACTER SET utf8mb4 COLLATE utf8mb4_0900_ai_ci NULL DEFAULT '' COMMENT 'è¡¨æè¿°',
  `sub_table_name` varchar(64) CHARACTER SET utf8mb4 COLLATE utf8mb4_0900_ai_ci NULL DEFAULT NULL COMMENT 'å…³è”å­è¡¨çš„è¡¨å',
  `sub_table_fk_name` varchar(64) CHARACTER SET utf8mb4 COLLATE utf8mb4_0900_ai_ci NULL DEFAULT NULL COMMENT 'å­è¡¨å…³è”çš„å¤–é”®å',
  `class_name` varchar(100) CHARACTER SET utf8mb4 COLLATE utf8mb4_0900_ai_ci NULL DEFAULT '' COMMENT 'å®ä½“ç±»åç§°',
  `tpl_category` varchar(200) CHARACTER SET utf8mb4 COLLATE utf8mb4_0900_ai_ci NULL DEFAULT 'crud' COMMENT 'ä½¿ç”¨çš„æ¨¡æ¿ï¼ˆcrudå•è¡¨æ“ä½œ treeæ ‘è¡¨æ“ä½œï¼‰',
  `package_name` varchar(100) CHARACTER SET utf8mb4 COLLATE utf8mb4_0900_ai_ci NULL DEFAULT NULL COMMENT 'ç”ŸæˆåŒ…è·¯å¾„',
  `module_name` varchar(30) CHARACTER SET utf8mb4 COLLATE utf8mb4_0900_ai_ci NULL DEFAULT NULL COMMENT 'ç”Ÿæˆæ¨¡å—å',
  `business_name` varchar(30) CHARACTER SET utf8mb4 COLLATE utf8mb4_0900_ai_ci NULL DEFAULT NULL COMMENT 'ç”Ÿæˆä¸šåŠ¡å',
  `function_name` varchar(50) CHARACTER SET utf8mb4 COLLATE utf8mb4_0900_ai_ci NULL DEFAULT NULL COMMENT 'ç”ŸæˆåŠŸèƒ½å',
  `function_author` varchar(50) CHARACTER SET utf8mb4 COLLATE utf8mb4_0900_ai_ci NULL DEFAULT NULL COMMENT 'ç”ŸæˆåŠŸèƒ½ä½œè€…',
  `gen_type` char(1) CHARACTER SET utf8mb4 COLLATE utf8mb4_0900_ai_ci NULL DEFAULT '0' COMMENT 'ç”Ÿæˆä»£ç æ–¹å¼ï¼ˆ0zipå‹ç¼©åŒ… 1è‡ªå®šä¹‰è·¯å¾„ï¼‰',
  `gen_path` varchar(200) CHARACTER SET utf8mb4 COLLATE utf8mb4_0900_ai_ci NULL DEFAULT '/' COMMENT 'ç”Ÿæˆè·¯å¾„ï¼ˆä¸å¡«é»˜è®¤é¡¹ç›®è·¯å¾„ï¼‰',
  `options` varchar(1000) CHARACTER SET utf8mb4 COLLATE utf8mb4_0900_ai_ci NULL DEFAULT NULL COMMENT 'å…¶å®ƒç”Ÿæˆé€‰é¡¹',
  `create_by` varchar(64) CHARACTER SET utf8mb4 COLLATE utf8mb4_0900_ai_ci NULL DEFAULT '' COMMENT 'åˆ›å»ºè€…',
  `create_time` datetime(0) NULL DEFAULT NULL COMMENT 'åˆ›å»ºæ—¶é—´',
  `update_by` varchar(64) CHARACTER SET utf8mb4 COLLATE utf8mb4_0900_ai_ci NULL DEFAULT '' COMMENT 'æ›´æ–°è€…',
  `update_time` datetime(0) NULL DEFAULT NULL COMMENT 'æ›´æ–°æ—¶é—´',
  `remark` varchar(500) CHARACTER SET utf8mb4 COLLATE utf8mb4_0900_ai_ci NULL DEFAULT NULL COMMENT 'å¤‡æ³¨',
  PRIMARY KEY (`table_id`) USING BTREE
) ENGINE = InnoDB CHARACTER SET = utf8mb4 COLLATE = utf8mb4_0900_ai_ci COMMENT = 'ä»£ç ç”Ÿæˆä¸šåŠ¡è¡¨' ROW_FORMAT = Dynamic;

-- ----------------------------
-- Records of gen_table
-- ----------------------------

-- ----------------------------
-- Table structure for gen_table_column
-- ----------------------------
DROP TABLE IF EXISTS `gen_table_column`;
CREATE TABLE `gen_table_column`  (
  `column_id` bigint(0) NOT NULL AUTO_INCREMENT COMMENT 'ç¼–å·',
  `table_id` bigint(0) CHARACTER SET utf8mb4 COLLATE utf8mb4_0900_ai_ci NULL DEFAULT NULL COMMENT 'å½’å±è¡¨ç¼–å·',
  `column_name` varchar(200) CHARACTER SET utf8mb4 COLLATE utf8mb4_0900_ai_ci NULL DEFAULT NULL COMMENT 'åˆ—åç§°',
  `column_comment` varchar(500) CHARACTER SET utf8mb4 COLLATE utf8mb4_0900_ai_ci NULL DEFAULT NULL COMMENT 'åˆ—æè¿°',
  `column_type` varchar(100) CHARACTER SET utf8mb4 COLLATE utf8mb4_0900_ai_ci NULL DEFAULT NULL COMMENT 'åˆ—ç±»å‹',
  `java_type` varchar(500) CHARACTER SET utf8mb4 COLLATE utf8mb4_0900_ai_ci NULL DEFAULT NULL COMMENT 'JAVAç±»å‹',
  `java_field` varchar(200) CHARACTER SET utf8mb4 COLLATE utf8mb4_0900_ai_ci NULL DEFAULT NULL COMMENT 'JAVAå­—æ®µå',
  `is_pk` char(1) CHARACTER SET utf8mb4 COLLATE utf8mb4_0900_ai_ci NULL DEFAULT NULL COMMENT 'æ˜¯å¦ä¸»é”®ï¼ˆ1æ˜¯ï¼‰',
  `is_increment` char(1) CHARACTER SET utf8mb4 COLLATE utf8mb4_0900_ai_ci NULL DEFAULT NULL COMMENT 'æ˜¯å¦è‡ªå¢ï¼ˆ1æ˜¯ï¼‰',
  `is_required` char(1) CHARACTER SET utf8mb4 COLLATE utf8mb4_0900_ai_ci NULL DEFAULT NULL COMMENT 'æ˜¯å¦å¿…å¡«ï¼ˆ1æ˜¯ï¼‰',
  `is_insert` char(1) CHARACTER SET utf8mb4 COLLATE utf8mb4_0900_ai_ci NULL DEFAULT NULL COMMENT 'æ˜¯å¦ä¸ºæ’å…¥å­—æ®µï¼ˆ1æ˜¯ï¼‰',
  `is_edit` char(1) CHARACTER SET utf8mb4 COLLATE utf8mb4_0900_ai_ci NULL DEFAULT NULL COMMENT 'æ˜¯å¦ç¼–è¾‘å­—æ®µï¼ˆ1æ˜¯ï¼‰',
  `is_list` char(1) CHARACTER SET utf8mb4 COLLATE utf8mb4_0900_ai_ci NULL DEFAULT NULL COMMENT 'æ˜¯å¦åˆ—è¡¨å­—æ®µï¼ˆ1æ˜¯ï¼‰',
  `is_query` char(1) CHARACTER SET utf8mb4 COLLATE utf8mb4_0900_ai_ci NULL DEFAULT NULL COMMENT 'æ˜¯å¦æŸ¥è¯¢å­—æ®µï¼ˆ1æ˜¯ï¼‰',
  `query_type` varchar(200) CHARACTER SET utf8mb4 COLLATE utf8mb4_0900_ai_ci NULL DEFAULT 'EQ' COMMENT 'æŸ¥è¯¢æ–¹å¼ï¼ˆç­‰äºã€ä¸ç­‰äºã€å¤§äºã€å°äºã€èŒƒå›´ï¼‰',
  `html_type` varchar(200) CHARACTER SET utf8mb4 COLLATE utf8mb4_0900_ai_ci NULL DEFAULT NULL COMMENT 'æ˜¾ç¤ºç±»å‹ï¼ˆæ–‡æœ¬æ¡†ã€æ–‡æœ¬åŸŸã€ä¸‹æ‹‰æ¡†ã€å¤é€‰æ¡†ã€å•é€‰æ¡†ã€æ—¥æœŸæ§ä»¶ï¼‰',
  `dict_type` varchar(200) CHARACTER SET utf8mb4 COLLATE utf8mb4_0900_ai_ci NULL DEFAULT '' COMMENT 'å­—å…¸ç±»å‹',
  `sort` int(0) NULL DEFAULT NULL COMMENT 'æ’åº',
  `create_by` varchar(64) CHARACTER SET utf8mb4 COLLATE utf8mb4_0900_ai_ci NULL DEFAULT '' COMMENT 'åˆ›å»ºè€…',
  `create_time` datetime(0) NULL DEFAULT NULL COMMENT 'åˆ›å»ºæ—¶é—´',
  `update_by` varchar(64) CHARACTER SET utf8mb4 COLLATE utf8mb4_0900_ai_ci NULL DEFAULT '' COMMENT 'æ›´æ–°è€…',
  `update_time` datetime(0) NULL DEFAULT NULL COMMENT 'æ›´æ–°æ—¶é—´',
  PRIMARY KEY (`column_id`) USING BTREE
) ENGINE = InnoDB CHARACTER SET = utf8mb4 COLLATE = utf8mb4_0900_ai_ci COMMENT = 'ä»£ç ç”Ÿæˆä¸šåŠ¡è¡¨å­—æ®µ' ROW_FORMAT = Dynamic;

-- ----------------------------
-- Records of gen_table_column
-- ----------------------------

-- ----------------------------
-- Table structure for sys_config
-- ----------------------------
DROP TABLE IF EXISTS `sys_config`;
CREATE TABLE `sys_config`  (
  `config_id` int(0) NOT NULL AUTO_INCREMENT COMMENT 'å‚æ•°ä¸»é”®',
  `config_name` varchar(100) CHARACTER SET utf8mb4 COLLATE utf8mb4_0900_ai_ci NULL DEFAULT '' COMMENT 'å‚æ•°åç§°',
  `config_key` varchar(100) CHARACTER SET utf8mb4 COLLATE utf8mb4_0900_ai_ci NULL DEFAULT '' COMMENT 'å‚æ•°é”®å',
  `config_value` varchar(500) CHARACTER SET utf8mb4 COLLATE utf8mb4_0900_ai_ci NULL DEFAULT '' COMMENT 'å‚æ•°é”®å€¼',
  `config_type` char(1) CHARACTER SET utf8mb4 COLLATE utf8mb4_0900_ai_ci NULL DEFAULT 'N' COMMENT 'ç³»ç»Ÿå†…ç½®ï¼ˆYæ˜¯ Nå¦ï¼‰',
  `create_by` varchar(64) CHARACTER SET utf8mb4 COLLATE utf8mb4_0900_ai_ci NULL DEFAULT '' COMMENT 'åˆ›å»ºè€…',
  `create_time` datetime(0) NULL DEFAULT NULL COMMENT 'åˆ›å»ºæ—¶é—´',
  `update_by` varchar(64) CHARACTER SET utf8mb4 COLLATE utf8mb4_0900_ai_ci NULL DEFAULT '' COMMENT 'æ›´æ–°è€…',
  `update_time` datetime(0) NULL DEFAULT NULL COMMENT 'æ›´æ–°æ—¶é—´',
  `remark` varchar(500) CHARACTER SET utf8mb4 COLLATE utf8mb4_0900_ai_ci NULL DEFAULT NULL COMMENT 'å¤‡æ³¨',
  PRIMARY KEY (`config_id`) USING BTREE
) ENGINE = InnoDB CHARACTER SET = utf8mb4 COLLATE = utf8mb4_0900_ai_ci COMMENT = 'å‚æ•°é…ç½®è¡¨' ROW_FORMAT = Dynamic;

-- ----------------------------
-- Records of sys_config
-- ----------------------------

-- ----------------------------
-- Table structure for sys_dept
-- ----------------------------
DROP TABLE IF EXISTS `sys_dept`;
CREATE TABLE `sys_dept`  (
  `dept_id` bigint(0) NOT NULL AUTO_INCREMENT COMMENT 'éƒ¨é—¨id',
  `parent_id` bigint(0) NULL DEFAULT 0 COMMENT 'çˆ¶éƒ¨é—¨id',
  `ancestors` varchar(50) CHARACTER SET utf8mb4 COLLATE utf8mb4_0900_ai_ci NULL DEFAULT '' COMMENT 'ç¥–çº§åˆ—è¡¨',
  `dept_name` varchar(30) CHARACTER SET utf8mb4 COLLATE utf8mb4_0900_ai_ci NULL DEFAULT '' COMMENT 'éƒ¨é—¨åç§°',
  `order_num` int(0) NULL DEFAULT 0 COMMENT 'æ˜¾ç¤ºé¡ºåº',
  `leader` varchar(20) CHARACTER SET utf8mb4 COLLATE utf8mb4_0900_ai_ci NULL DEFAULT NULL COMMENT 'è´Ÿè´£äºº',
  `phone` varchar(11) CHARACTER SET utf8mb4 COLLATE utf8mb4_0900_ai_ci NULL DEFAULT NULL COMMENT 'è”ç³»ç”µè¯',
  `email` varchar(50) CHARACTER SET utf8mb4 COLLATE utf8mb4_0900_ai_ci NULL DEFAULT NULL COMMENT 'é‚®ç®±',
  `state` char(1) CHARACTER SET utf8mb4 COLLATE utf8mb4_0900_ai_ci NULL DEFAULT '0' COMMENT 'éƒ¨é—¨çŠ¶æ€ï¼ˆ0æ­£å¸¸ 1åœç”¨ï¼‰',
  `del_flag` char(1) CHARACTER SET utf8mb4 COLLATE utf8mb4_0900_ai_ci NULL DEFAULT '0' COMMENT 'åˆ é™¤æ ‡å¿—ï¼ˆ0ä»£è¡¨å­˜åœ¨ 2ä»£è¡¨åˆ é™¤ï¼‰',
  `create_by` varchar(64) CHARACTER SET utf8mb4 COLLATE utf8mb4_0900_ai_ci NULL DEFAULT '' COMMENT 'åˆ›å»ºè€…',
  `create_time` datetime(0) NULL DEFAULT NULL COMMENT 'åˆ›å»ºæ—¶é—´',
  `update_by` varchar(64) CHARACTER SET utf8mb4 COLLATE utf8mb4_0900_ai_ci NULL DEFAULT '' COMMENT 'æ›´æ–°è€…',
  `update_time` datetime(0) NULL DEFAULT NULL COMMENT 'æ›´æ–°æ—¶é—´',
  PRIMARY KEY (`dept_id`) USING BTREE
) ENGINE = InnoDB AUTO_INCREMENT = 109 CHARACTER SET = utf8mb4 COLLATE = utf8mb4_0900_ai_ci COMMENT = 'éƒ¨é—¨è¡¨' ROW_FORMAT = Dynamic;

-- ----------------------------
-- Records of sys_dept
-- ----------------------------
INSERT INTO `sys_dept` VALUES (100, 0, '0', 'è‹¥ä¾ç§‘æŠ€', 0, 'è‹¥ä¾', '15888888888', 'ry@qq.com', '0', '0', 'admin', '2021-03-18 17:10:04', 'admin', '2021-03-24 14:15:48');
INSERT INTO `sys_dept` VALUES (101, 100, '0,100', 'æ·±åœ³æ€»å…¬å¸', 1, 'è‹¥ä¾', '15888888888', 'ry@qq.com', '0', '0', 'admin', '2021-03-18 17:10:04', 'admin', '2021-03-24 14:15:48');
INSERT INTO `sys_dept` VALUES (102, 100, '0,100', 'é•¿æ²™åˆ†å…¬å¸', 2, 'è‹¥ä¾', '15888888888', 'ry@qq.com', '0', '0', 'admin', '2021-03-18 17:10:04', '', NULL);
INSERT INTO `sys_dept` VALUES (103, 101, '0,100,101', 'ç ”å‘éƒ¨é—¨', 1, 'è‹¥ä¾', '15888888888', 'ry@qq.com', '0', '0', 'admin', '2021-03-18 17:10:04', '', NULL);
INSERT INTO `sys_dept` VALUES (104, 101, '0,100,101', 'å¸‚åœºéƒ¨é—¨', 2, 'è‹¥ä¾', '15888888888', 'ry@qq.com', '0', '0', 'admin', '2021-03-18 17:10:04', '', NULL);
INSERT INTO `sys_dept` VALUES (105, 101, '0,100,101', 'æµ‹è¯•éƒ¨é—¨', 3, 'è‹¥ä¾', '15888888888', 'ry@qq.com', '0', '0', 'admin', '2021-03-18 17:10:04', '', NULL);
INSERT INTO `sys_dept` VALUES (106, 101, '0,100,101', 'è´¢åŠ¡éƒ¨é—¨', 4, 'è‹¥ä¾', '15888888888', 'ry@qq.com', '0', '0', 'admin', '2021-03-18 17:10:04', 'admin', '2021-03-24 14:15:48');
INSERT INTO `sys_dept` VALUES (107, 101, '0,100,101', 'è¿ç»´éƒ¨é—¨', 5, 'è‹¥ä¾', '15888888888', 'ry@qq.com', '0', '0', 'admin', '2021-03-18 17:10:04', '', NULL);
INSERT INTO `sys_dept` VALUES (108, 102, '0,100,102', 'å¸‚åœºéƒ¨é—¨', 1, 'è‹¥ä¾', '15888888888', 'ry@qq.com', '0', '0', 'admin', '2021-03-18 17:10:04', '', NULL);
INSERT INTO `sys_dept` VALUES (109, 102, '0,100,102', 'è´¢åŠ¡éƒ¨é—¨', 2, 'è‹¥ä¾', '15888888888', 'ry@qq.com', '0', '0', 'admin', '2021-03-18 17:10:04', '', NULL);

-- ----------------------------
-- Table structure for sys_dict_data
-- ----------------------------
DROP TABLE IF EXISTS `sys_dict_data`;
CREATE TABLE `sys_dict_data`  (
  `dict_code` bigint(0) NOT NULL AUTO_INCREMENT COMMENT 'å­—å…¸ç¼–ç ',
  `dict_sort` int(0) NULL DEFAULT 0 COMMENT 'å­—å…¸æ’åº',
  `dict_label` varchar(100) CHARACTER SET utf8mb4 COLLATE utf8mb4_0900_ai_ci NULL DEFAULT '' COMMENT 'å­—å…¸æ ‡ç­¾',
  `dict_value` varchar(100) CHARACTER SET utf8mb4 COLLATE utf8mb4_0900_ai_ci NULL DEFAULT '' COMMENT 'å­—å…¸é”®å€¼',
  `dict_type` varchar(100) CHARACTER SET utf8mb4 COLLATE utf8mb4_0900_ai_ci NULL DEFAULT '' COMMENT 'å­—å…¸ç±»å‹',
  `css_class` varchar(100) CHARACTER SET utf8mb4 COLLATE utf8mb4_0900_ai_ci NULL DEFAULT NULL COMMENT 'æ ·å¼å±æ€§ï¼ˆå…¶ä»–æ ·å¼æ‰©å±•ï¼‰',
  `list_class` varchar(100) CHARACTER SET utf8mb4 COLLATE utf8mb4_0900_ai_ci NULL DEFAULT NULL COMMENT 'è¡¨æ ¼å›æ˜¾æ ·å¼',
  `is_default` char(1) CHARACTER SET utf8mb4 COLLATE utf8mb4_0900_ai_ci NULL DEFAULT 'N' COMMENT 'æ˜¯å¦é»˜è®¤ï¼ˆYæ˜¯ Nå¦ï¼‰',
  `state` char(1) CHARACTER SET utf8mb4 COLLATE utf8mb4_0900_ai_ci NULL DEFAULT '0' COMMENT 'çŠ¶æ€ï¼ˆ0æ­£å¸¸ 1åœç”¨ï¼‰',
  `create_by` varchar(64) CHARACTER SET utf8mb4 COLLATE utf8mb4_0900_ai_ci NULL DEFAULT '' COMMENT 'åˆ›å»ºè€…',
  `create_time` datetime(0) NULL DEFAULT NULL COMMENT 'åˆ›å»ºæ—¶é—´',
  `update_by` varchar(64) CHARACTER SET utf8mb4 COLLATE utf8mb4_0900_ai_ci NULL DEFAULT '' COMMENT 'æ›´æ–°è€…',
  `update_time` datetime(0) NULL DEFAULT NULL COMMENT 'æ›´æ–°æ—¶é—´',
  `remark` varchar(500) CHARACTER SET utf8mb4 COLLATE utf8mb4_0900_ai_ci NULL DEFAULT NULL COMMENT 'å¤‡æ³¨',
  PRIMARY KEY (`dict_code`) USING BTREE
) ENGINE = InnoDB CHARACTER SET = utf8mb4 COLLATE = utf8mb4_0900_ai_ci COMMENT = 'å­—å…¸æ•°æ®è¡¨' ROW_FORMAT = Dynamic;

-- ----------------------------
-- Records of sys_dict_data
-- ----------------------------

-- ----------------------------
-- Table structure for sys_dict_type
-- ----------------------------
DROP TABLE IF EXISTS `sys_dict_type`;
CREATE TABLE `sys_dict_type`  (
  `dict_id` bigint(0) NOT NULL AUTO_INCREMENT COMMENT 'å­—å…¸ä¸»é”®',
  `dict_name` varchar(100) CHARACTER SET utf8mb4 COLLATE utf8mb4_0900_ai_ci NULL DEFAULT '' COMMENT 'å­—å…¸åç§°',
  `dict_type` varchar(100) CHARACTER SET utf8mb4 COLLATE utf8mb4_0900_ai_ci NULL DEFAULT '' COMMENT 'å­—å…¸ç±»å‹',
  `state` char(1) CHARACTER SET utf8mb4 COLLATE utf8mb4_0900_ai_ci NULL DEFAULT '0' COMMENT 'çŠ¶æ€ï¼ˆ0æ­£å¸¸ 1åœç”¨ï¼‰',
  `create_by` varchar(64) CHARACTER SET utf8mb4 COLLATE utf8mb4_0900_ai_ci NULL DEFAULT '' COMMENT 'åˆ›å»ºè€…',
  `create_time` datetime(0) NULL DEFAULT NULL COMMENT 'åˆ›å»ºæ—¶é—´',
  `update_by` varchar(64) CHARACTER SET utf8mb4 COLLATE utf8mb4_0900_ai_ci NULL DEFAULT '' COMMENT 'æ›´æ–°è€…',
  `update_time` datetime(0) NULL DEFAULT NULL COMMENT 'æ›´æ–°æ—¶é—´',
  `remark` varchar(500) CHARACTER SET utf8mb4 COLLATE utf8mb4_0900_ai_ci NULL DEFAULT NULL COMMENT 'å¤‡æ³¨',
  PRIMARY KEY (`dict_id`) USING BTREE,
  UNIQUE INDEX `dict_type`(`dict_type`) USING BTREE
) ENGINE = InnoDB CHARACTER SET = utf8mb4 COLLATE = utf8mb4_0900_ai_ci COMMENT = 'å­—å…¸ç±»å‹è¡¨' ROW_FORMAT = Dynamic;

-- ----------------------------
-- Records of sys_dict_type
-- ----------------------------

-- ----------------------------
-- Table structure for sys_job
-- ----------------------------
DROP TABLE IF EXISTS `sys_job`;
CREATE TABLE `sys_job`  (
  `job_id` bigint(0) NOT NULL AUTO_INCREMENT COMMENT 'ä»»åŠ¡ID',
  `job_name` varchar(64) CHARACTER SET utf8mb4 COLLATE utf8mb4_0900_ai_ci NOT NULL DEFAULT '' COMMENT 'ä»»åŠ¡åç§°',
  `job_group` varchar(64) CHARACTER SET utf8mb4 COLLATE utf8mb4_0900_ai_ci NOT NULL DEFAULT 'DEFAULT' COMMENT 'ä»»åŠ¡ç»„å',
  `invoke_target` varchar(500) CHARACTER SET utf8mb4 COLLATE utf8mb4_0900_ai_ci NOT NULL COMMENT 'è°ƒç”¨ç›®æ ‡å­—ç¬¦ä¸²',
  `cron_expression` varchar(255) CHARACTER SET utf8mb4 COLLATE utf8mb4_0900_ai_ci NULL DEFAULT '' COMMENT 'cronæ‰§è¡Œè¡¨è¾¾å¼',
  `misfire_policy` varchar(20) CHARACTER SET utf8mb4 COLLATE utf8mb4_0900_ai_ci NULL DEFAULT '3' COMMENT 'è®¡åˆ’æ‰§è¡Œé”™è¯¯ç­–ç•¥ï¼ˆ1ç«‹å³æ‰§è¡Œ 2æ‰§è¡Œä¸€æ¬¡ 3æ”¾å¼ƒæ‰§è¡Œï¼‰',
  `concurrent` char(1) CHARACTER SET utf8mb4 COLLATE utf8mb4_0900_ai_ci NULL DEFAULT '1' COMMENT 'æ˜¯å¦å¹¶å‘æ‰§è¡Œï¼ˆ0å…è®¸ 1ç¦æ­¢ï¼‰',
  `state` char(1) CHARACTER SET utf8mb4 COLLATE utf8mb4_0900_ai_ci NULL DEFAULT '0' COMMENT 'çŠ¶æ€ï¼ˆ0æ­£å¸¸ 1æš‚åœï¼‰',
  `create_by` varchar(64) CHARACTER SET utf8mb4 COLLATE utf8mb4_0900_ai_ci NULL DEFAULT '' COMMENT 'åˆ›å»ºè€…',
  `create_time` datetime(0) NULL DEFAULT NULL COMMENT 'åˆ›å»ºæ—¶é—´',
  `update_by` varchar(64) CHARACTER SET utf8mb4 COLLATE utf8mb4_0900_ai_ci NULL DEFAULT '' COMMENT 'æ›´æ–°è€…',
  `update_time` datetime(0) NULL DEFAULT NULL COMMENT 'æ›´æ–°æ—¶é—´',
  `remark` varchar(500) CHARACTER SET utf8mb4 COLLATE utf8mb4_0900_ai_ci NULL DEFAULT '' COMMENT 'å¤‡æ³¨ä¿¡æ¯',
  PRIMARY KEY (`job_id`, `job_name`, `job_group`) USING BTREE
) ENGINE = InnoDB CHARACTER SET = utf8mb4 COLLATE = utf8mb4_0900_ai_ci COMMENT = 'å®šæ—¶ä»»åŠ¡è°ƒåº¦è¡¨' ROW_FORMAT = Dynamic;

-- ----------------------------
-- Records of sys_job
-- ----------------------------

-- ----------------------------
-- Table structure for sys_job_log
-- ----------------------------
DROP TABLE IF EXISTS `sys_job_log`;
CREATE TABLE `sys_job_log`  (
  `job_log_id` bigint(0) NOT NULL AUTO_INCREMENT COMMENT 'ä»»åŠ¡æ—¥å¿—ID',
  `job_name` varchar(64) CHARACTER SET utf8mb4 COLLATE utf8mb4_0900_ai_ci NOT NULL COMMENT 'ä»»åŠ¡åç§°',
  `job_group` varchar(64) CHARACTER SET utf8mb4 COLLATE utf8mb4_0900_ai_ci NOT NULL COMMENT 'ä»»åŠ¡ç»„å',
  `invoke_target` varchar(500) CHARACTER SET utf8mb4 COLLATE utf8mb4_0900_ai_ci NOT NULL COMMENT 'è°ƒç”¨ç›®æ ‡å­—ç¬¦ä¸²',
  `job_message` varchar(500) CHARACTER SET utf8mb4 COLLATE utf8mb4_0900_ai_ci NULL DEFAULT NULL COMMENT 'æ—¥å¿—ä¿¡æ¯',
  `state` char(1) CHARACTER SET utf8mb4 COLLATE utf8mb4_0900_ai_ci NULL DEFAULT '0' COMMENT 'æ‰§è¡ŒçŠ¶æ€ï¼ˆ0æ­£å¸¸ 1å¤±è´¥ï¼‰',
  `exception_info` varchar(2000) CHARACTER SET utf8mb4 COLLATE utf8mb4_0900_ai_ci NULL DEFAULT '' COMMENT 'å¼‚å¸¸ä¿¡æ¯',
  `create_time` datetime(0) NULL DEFAULT NULL COMMENT 'åˆ›å»ºæ—¶é—´',
  PRIMARY KEY (`job_log_id`) USING BTREE
) ENGINE = InnoDB CHARACTER SET = utf8mb4 COLLATE = utf8mb4_0900_ai_ci COMMENT = 'å®šæ—¶ä»»åŠ¡è°ƒåº¦æ—¥å¿—è¡¨' ROW_FORMAT = Dynamic;

-- ----------------------------
-- Records of sys_job_log
-- ----------------------------

-- ----------------------------
-- Table structure for sys_logininfor
-- ----------------------------
DROP TABLE IF EXISTS `sys_logininfor`;
CREATE TABLE `sys_logininfor`  (
  `info_id` bigint(0) NOT NULL AUTO_INCREMENT COMMENT 'è®¿é—®ID',
  `user_name` varchar(50) CHARACTER SET utf8mb4 COLLATE utf8mb4_0900_ai_ci NULL DEFAULT '' COMMENT 'ç”¨æˆ·è´¦å·',
  `ipaddr` varchar(128) CHARACTER SET utf8mb4 COLLATE utf8mb4_0900_ai_ci NULL DEFAULT '' COMMENT 'ç™»å½•IPåœ°å€',
  `login_location` varchar(255) CHARACTER SET utf8mb4 COLLATE utf8mb4_0900_ai_ci NULL DEFAULT '' COMMENT 'ç™»å½•åœ°ç‚¹',
  `browser` varchar(50) CHARACTER SET utf8mb4 COLLATE utf8mb4_0900_ai_ci NULL DEFAULT '' COMMENT 'æµè§ˆå™¨ç±»å‹',
  `os` varchar(50) CHARACTER SET utf8mb4 COLLATE utf8mb4_0900_ai_ci NULL DEFAULT '' COMMENT 'æ“ä½œç³»ç»Ÿ',
  `state` char(1) CHARACTER SET utf8mb4 COLLATE utf8mb4_0900_ai_ci NULL DEFAULT '0' COMMENT 'ç™»å½•çŠ¶æ€ï¼ˆ0æˆåŠŸ 1å¤±è´¥ï¼‰',
  `msg` varchar(2000) CHARACTER SET utf8mb4 COLLATE utf8mb4_0900_ai_ci NULL DEFAULT '' COMMENT 'æç¤ºæ¶ˆæ¯',
  `login_time` datetime(0) NULL DEFAULT NULL COMMENT 'è®¿é—®æ—¶é—´',
  PRIMARY KEY (`info_id`) USING BTREE
) ENGINE = InnoDB AUTO_INCREMENT = 113 CHARACTER SET = utf8mb4 COLLATE = utf8mb4_0900_ai_ci COMMENT = 'ç³»ç»Ÿè®¿é—®è®°å½•' ROW_FORMAT = Dynamic;

-- ----------------------------
-- Records of sys_logininfor
-- ----------------------------
INSERT INTO `sys_logininfor` VALUES (101, 'admin', '127.0.0.1', 'å†…ç½‘IP', 'Unknown', 'Unknown', '1', 'class [Ljava.lang.Object; cannot be cast to class [Ljava.lang.Long; ([Ljava.lang.Object; and [Ljava.lang.Long; are in module java.base of loader \'bootstrap\')', NULL);
INSERT INTO `sys_logininfor` VALUES (102, 'admin', '127.0.0.1', 'å†…ç½‘IP', 'Unknown', 'Unknown', '1', 'class [Ljava.lang.Object; cannot be cast to class [Ljava.lang.Long; ([Ljava.lang.Object; and [Ljava.lang.Long; are in module java.base of loader \'bootstrap\')', NULL);
INSERT INTO `sys_logininfor` VALUES (103, 'admin', '127.0.0.1', 'å†…ç½‘IP', 'Unknown', 'Unknown', '1', 'class [Ljava.lang.Object; cannot be cast to class [Ljava.lang.Long; ([Ljava.lang.Object; and [Ljava.lang.Long; are in module java.base of loader \'bootstrap\')', NULL);
INSERT INTO `sys_logininfor` VALUES (104, 'admin', '127.0.0.1', 'å†…ç½‘IP', 'Unknown', 'Unknown', '1', 'class [Ljava.lang.Object; cannot be cast to class [Ljava.lang.Long; ([Ljava.lang.Object; and [Ljava.lang.Long; are in module java.base of loader \'bootstrap\')', NULL);
INSERT INTO `sys_logininfor` VALUES (105, 'ry', '127.0.0.1', 'å†…ç½‘IP', 'Unknown', 'Unknown', '1', '\r\n### Error querying database.  Cause: java.sql.SQLSyntaxErrorException: You have an error in your SQL syntax; check the manual that corresponds to your MySQL server version for the right syntax to use near \'_binary\'??\\0sr\\0java.util.HashSet?D?????4\\0\\0xpw\\0\\0\\0?@\\0\\0\\0\\0\\0sr\\0jav\' at line 4\r\n### The error may exist in file [D:\\ideaWorkSpase\\reststyle\\reststyle-framework\\reststyle-framework-dao\\target\\classes\\mapper\\security\\SecurityMapper.xml]\r\n### The error may involve defaultParameterMap\r\n### The error occurred while setting parameters\r\n### SQL: select distinct m.perms         from sys_menu m,sys_role_menu srm         where srm.menu_id = m.menu_id         and srm.role_id in ?\r\n### Cause: java.sql.SQLSyntaxErrorException: You have an error in your SQL syntax; check the manual that corresponds to your MySQL server version for the right syntax to use near \'_binary\'??\\0sr\\0java.util.HashSet?D?????4\\0\\0xpw\\0\\0\\0?@\\0\\0\\0\\0\\0sr\\0jav\' at line 4\n; bad SQL grammar []; nested exception is java.sql.SQLSyntaxErrorException: You have an error in your SQL syntax; check the manual that corresponds to your MySQL server version for the right syntax to use near \'_binary\'??\\0sr\\0java.util.HashSet?D?????4\\0\\0xpw\\0\\0\\0?@\\0\\0\\0\\0\\0sr\\0jav\' at line 4', NULL);
INSERT INTO `sys_logininfor` VALUES (106, 'ry', '127.0.0.1', 'å†…ç½‘IP', 'Unknown', 'Unknown', '1', '\r\n### Error querying database.  Cause: java.sql.SQLSyntaxErrorException: You have an error in your SQL syntax; check the manual that corresponds to your MySQL server version for the right syntax to use near \'_binary\'??\\0sr\\0java.util.HashSet?D?????4\\0\\0xpw\\0\\0\\0?@\\0\\0\\0\\0\\0sr\\0jav\' at line 4\r\n### The error may exist in file [D:\\ideaWorkSpase\\reststyle\\reststyle-framework\\reststyle-framework-dao\\target\\classes\\mapper\\security\\SecurityMapper.xml]\r\n### The error may involve defaultParameterMap\r\n### The error occurred while setting parameters\r\n### SQL: select distinct m.perms         from sys_menu m,sys_role_menu srm         where srm.menu_id = m.menu_id         and srm.role_id in ?\r\n### Cause: java.sql.SQLSyntaxErrorException: You have an error in your SQL syntax; check the manual that corresponds to your MySQL server version for the right syntax to use near \'_binary\'??\\0sr\\0java.util.HashSet?D?????4\\0\\0xpw\\0\\0\\0?@\\0\\0\\0\\0\\0sr\\0jav\' at line 4\n; bad SQL grammar []; nested exception is java.sql.SQLSyntaxErrorException: You have an error in your SQL syntax; check the manual that corresponds to your MySQL server version for the right syntax to use near \'_binary\'??\\0sr\\0java.util.HashSet?D?????4\\0\\0xpw\\0\\0\\0?@\\0\\0\\0\\0\\0sr\\0jav\' at line 4', NULL);
INSERT INTO `sys_logininfor` VALUES (107, 'ry', '127.0.0.1', 'å†…ç½‘IP', 'Unknown', 'Unknown', '1', 'user.password.not.match', NULL);
INSERT INTO `sys_logininfor` VALUES (108, 'ry', '127.0.0.1', 'å†…ç½‘IP', 'Unknown', 'Unknown', '1', 'user.password.not.match', NULL);
INSERT INTO `sys_logininfor` VALUES (109, 'ry', '127.0.0.1', 'å†…ç½‘IP', 'Unknown', 'Unknown', '1', 'user.password.not.match', NULL);
INSERT INTO `sys_logininfor` VALUES (110, 'ry', '127.0.0.1', 'å†…ç½‘IP', 'Unknown', 'Unknown', '1', 'user.password.not.match', NULL);
INSERT INTO `sys_logininfor` VALUES (111, 'ry', '127.0.0.1', 'å†…ç½‘IP', 'Unknown', 'Unknown', '1', 'å¯¹ä¸èµ·ï¼Œæ‚¨çš„è´¦å·ï¼šry å·²è¢«åœç”¨', NULL);
INSERT INTO `sys_logininfor` VALUES (112, 'ry', '127.0.0.1', 'å†…ç½‘IP', 'Unknown', 'Unknown', '1', 'user.jcaptcha.expire', NULL);
INSERT INTO `sys_logininfor` VALUES (113, 'ry', '127.0.0.1', 'å†…ç½‘IP', 'Unknown', 'Unknown', '1', 'å¯¹ä¸èµ·ï¼Œæ‚¨çš„è´¦å·ï¼šry å·²è¢«åœç”¨', NULL);

-- ----------------------------
-- Table structure for sys_menu
-- ----------------------------
DROP TABLE IF EXISTS `sys_menu`;
CREATE TABLE `sys_menu`  (
  `menu_id` bigint(0) NOT NULL AUTO_INCREMENT COMMENT 'èœå•ID',
  `menu_name` varchar(50) CHARACTER SET utf8mb4 COLLATE utf8mb4_0900_ai_ci NOT NULL COMMENT 'èœå•åç§°',
  `parent_id` bigint(0) NULL DEFAULT 0 COMMENT 'çˆ¶èœå•ID',
  `order_num` int(0) NULL DEFAULT 0 COMMENT 'æ˜¾ç¤ºé¡ºåº',
  `path` varchar(200) CHARACTER SET utf8mb4 COLLATE utf8mb4_0900_ai_ci NULL DEFAULT '' COMMENT 'è·¯ç”±åœ°å€',
  `component` varchar(255) CHARACTER SET utf8mb4 COLLATE utf8mb4_0900_ai_ci NULL DEFAULT NULL COMMENT 'ç»„ä»¶è·¯å¾„',
  `is_frame` int(0) NULL DEFAULT 1 COMMENT 'æ˜¯å¦ä¸ºå¤–é“¾ï¼ˆ0æ˜¯ 1å¦ï¼‰',
  `is_cache` int(0) NULL DEFAULT 0 COMMENT 'æ˜¯å¦ç¼“å­˜ï¼ˆ0ç¼“å­˜ 1ä¸ç¼“å­˜ï¼‰',
  `menu_type` char(1) CHARACTER SET utf8mb4 COLLATE utf8mb4_0900_ai_ci NULL DEFAULT '' COMMENT 'èœå•ç±»å‹ï¼ˆMç›®å½• Cèœå• FæŒ‰é’®ï¼‰',
  `visible` char(1) CHARACTER SET utf8mb4 COLLATE utf8mb4_0900_ai_ci NULL DEFAULT '0' COMMENT 'èœå•çŠ¶æ€ï¼ˆ0æ˜¾ç¤º 1éšè—ï¼‰',
  `state` char(1) CHARACTER SET utf8mb4 COLLATE utf8mb4_0900_ai_ci NULL DEFAULT '0' COMMENT 'èœå•çŠ¶æ€ï¼ˆ0æ­£å¸¸ 1åœç”¨ï¼‰',
  `perms` varchar(100) CHARACTER SET utf8mb4 COLLATE utf8mb4_0900_ai_ci NULL DEFAULT NULL COMMENT 'æƒé™æ ‡è¯†',
  `icon` varchar(100) CHARACTER SET utf8mb4 COLLATE utf8mb4_0900_ai_ci NULL DEFAULT '#' COMMENT 'èœå•å›¾æ ‡',
  `create_by` varchar(64) CHARACTER SET utf8mb4 COLLATE utf8mb4_0900_ai_ci NULL DEFAULT '' COMMENT 'åˆ›å»ºè€…',
  `create_time` datetime(0) NULL DEFAULT NULL COMMENT 'åˆ›å»ºæ—¶é—´',
  `update_by` varchar(64) CHARACTER SET utf8mb4 COLLATE utf8mb4_0900_ai_ci NULL DEFAULT '' COMMENT 'æ›´æ–°è€…',
  `update_time` datetime(0) NULL DEFAULT NULL COMMENT 'æ›´æ–°æ—¶é—´',
  `remark` varchar(500) CHARACTER SET utf8mb4 COLLATE utf8mb4_0900_ai_ci NULL DEFAULT '' COMMENT 'å¤‡æ³¨',
  PRIMARY KEY (`menu_id`) USING BTREE
) ENGINE = InnoDB CHARACTER SET = utf8mb4 COLLATE = utf8mb4_0900_ai_ci COMMENT = 'èœå•æƒé™è¡¨' ROW_FORMAT = Dynamic;

-- ----------------------------
-- Records of sys_menu
-- ----------------------------
INSERT INTO `sys_menu` VALUES (1, 'ç³»ç»Ÿç®¡ç†', 0, 1, 'system', NULL, 1, 0, 'M', '0', '0', '', 'system', 'admin', '2021-03-18 17:10:05', '', NULL, 'ç³»ç»Ÿç®¡ç†ç›®å½•');
INSERT INTO `sys_menu` VALUES (2, 'ç³»ç»Ÿç›‘æ§', 0, 2, 'monitor', NULL, 1, 0, 'M', '0', '0', '', 'monitor', 'admin', '2021-03-18 17:10:05', '', NULL, 'ç³»ç»Ÿç›‘æ§ç›®å½•');
INSERT INTO `sys_menu` VALUES (3, 'ç³»ç»Ÿå·¥å…·', 0, 3, 'tool', NULL, 1, 0, 'M', '0', '0', '', 'tool', 'admin', '2021-03-18 17:10:05', '', NULL, 'ç³»ç»Ÿå·¥å…·ç›®å½•');
INSERT INTO `sys_menu` VALUES (4, 'è‹¥ä¾å®˜ç½‘', 0, 4, 'http://ruoyi.vip', NULL, 0, 0, 'M', '0', '0', '', 'guide', 'admin', '2021-03-18 17:10:05', '', NULL, 'è‹¥ä¾å®˜ç½‘åœ°å€');
INSERT INTO `sys_menu` VALUES (100, 'ç”¨æˆ·ç®¡ç†', 1, 1, 'user', 'system/user/index', 1, 0, 'C', '0', '0', 'system:user:list', 'user', 'admin', '2021-03-18 17:10:05', '', NULL, 'ç”¨æˆ·ç®¡ç†èœå•');
INSERT INTO `sys_menu` VALUES (101, 'è§’è‰²ç®¡ç†', 1, 2, 'role', 'system/role/index', 1, 0, 'C', '0', '0', 'system:role:list', 'peoples', 'admin', '2021-03-18 17:10:05', '', NULL, 'è§’è‰²ç®¡ç†èœå•');
INSERT INTO `sys_menu` VALUES (102, 'èœå•ç®¡ç†', 1, 3, 'menu', 'system/menu/index', 1, 0, 'C', '0', '0', 'system:menu:list', 'tree-table', 'admin', '2021-03-18 17:10:05', '', NULL, 'èœå•ç®¡ç†èœå•');
INSERT INTO `sys_menu` VALUES (103, 'éƒ¨é—¨ç®¡ç†', 1, 4, 'dept', 'system/dept/index', 1, 0, 'C', '0', '0', 'system:dept:list', 'tree', 'admin', '2021-03-18 17:10:05', '', NULL, 'éƒ¨é—¨ç®¡ç†èœå•');
INSERT INTO `sys_menu` VALUES (104, 'å²—ä½ç®¡ç†', 1, 5, 'post', 'system/post/index', 1, 0, 'C', '0', '0', 'system:post:list', 'post', 'admin', '2021-03-18 17:10:05', '', NULL, 'å²—ä½ç®¡ç†èœå•');
INSERT INTO `sys_menu` VALUES (105, 'å­—å…¸ç®¡ç†', 1, 6, 'dict', 'system/dict/index', 1, 0, 'C', '0', '0', 'system:dict:list', 'dict', 'admin', '2021-03-18 17:10:05', '', NULL, 'å­—å…¸ç®¡ç†èœå•');
INSERT INTO `sys_menu` VALUES (106, 'å‚æ•°è®¾ç½®', 1, 7, 'config', 'system/config/index', 1, 0, 'C', '0', '0', 'system:config:list', 'edit', 'admin', '2021-03-18 17:10:05', '', NULL, 'å‚æ•°è®¾ç½®èœå•');
INSERT INTO `sys_menu` VALUES (107, 'é€šçŸ¥å…¬å‘Š', 1, 8, 'notice', 'system/notice/index', 1, 0, 'C', '0', '0', 'system:notice:list', 'message', 'admin', '2021-03-18 17:10:05', '', NULL, 'é€šçŸ¥å…¬å‘Šèœå•');
INSERT INTO `sys_menu` VALUES (108, 'æ—¥å¿—ç®¡ç†', 1, 9, 'log', '', 1, 0, 'M', '0', '0', '', 'log', 'admin', '2021-03-18 17:10:05', '', NULL, 'æ—¥å¿—ç®¡ç†èœå•');
INSERT INTO `sys_menu` VALUES (109, 'åœ¨çº¿ç”¨æˆ·', 2, 1, 'online', 'monitor/online/index', 1, 0, 'C', '0', '0', 'monitor:online:list', 'online', 'admin', '2021-03-18 17:10:05', '', NULL, 'åœ¨çº¿ç”¨æˆ·èœå•');
INSERT INTO `sys_menu` VALUES (110, 'å®šæ—¶ä»»åŠ¡', 2, 2, 'job', 'monitor/job/index', 1, 0, 'C', '0', '0', 'monitor:job:list', 'job', 'admin', '2021-03-18 17:10:05', '', NULL, 'å®šæ—¶ä»»åŠ¡èœå•');
INSERT INTO `sys_menu` VALUES (111, 'æ•°æ®ç›‘æ§', 2, 3, 'druid', 'monitor/druid/index', 1, 0, 'C', '0', '0', 'monitor:druid:list', 'druid', 'admin', '2021-03-18 17:10:05', '', NULL, 'æ•°æ®ç›‘æ§èœå•');
INSERT INTO `sys_menu` VALUES (112, 'æœåŠ¡ç›‘æ§', 2, 4, 'server', 'monitor/server/index', 1, 0, 'C', '0', '0', 'monitor:server:list', 'server', 'admin', '2021-03-18 17:10:05', '', NULL, 'æœåŠ¡ç›‘æ§èœå•');
INSERT INTO `sys_menu` VALUES (113, 'ç¼“å­˜ç›‘æ§', 2, 5, 'cache', 'monitor/cache/index', 1, 0, 'C', '0', '0', 'monitor:cache:list', 'redis', 'admin', '2021-03-18 17:10:05', '', NULL, 'ç¼“å­˜ç›‘æ§èœå•');
INSERT INTO `sys_menu` VALUES (114, 'è¡¨å•æ„å»º', 3, 1, 'build', 'tool/build/index', 1, 0, 'C', '0', '0', 'tool:build:list', 'build', 'admin', '2021-03-18 17:10:05', '', NULL, 'è¡¨å•æ„å»ºèœå•');
INSERT INTO `sys_menu` VALUES (115, 'ä»£ç ç”Ÿæˆ', 3, 2, 'gen', 'tool/gen/index', 1, 0, 'C', '0', '0', 'tool:gen:list', 'code', 'admin', '2021-03-18 17:10:05', '', NULL, 'ä»£ç ç”Ÿæˆèœå•');
INSERT INTO `sys_menu` VALUES (116, 'ç³»ç»Ÿæ¥å£', 3, 3, 'swagger', 'tool/swagger/index', 1, 0, 'C', '0', '0', 'tool:swagger:list', 'swagger', 'admin', '2021-03-18 17:10:05', '', NULL, 'ç³»ç»Ÿæ¥å£èœå•');
INSERT INTO `sys_menu` VALUES (500, 'æ“ä½œæ—¥å¿—', 108, 1, 'operlog', 'monitor/operlog/index', 1, 0, 'C', '0', '0', 'monitor:operlog:list', 'form', 'admin', '2021-03-18 17:10:05', '', NULL, 'æ“ä½œæ—¥å¿—èœå•');
INSERT INTO `sys_menu` VALUES (501, 'ç™»å½•æ—¥å¿—', 108, 2, 'logininfor', 'monitor/logininfor/index', 1, 0, 'C', '0', '0', 'monitor:logininfor:list', 'logininfor', 'admin', '2021-03-18 17:10:05', '', NULL, 'ç™»å½•æ—¥å¿—èœå•');
INSERT INTO `sys_menu` VALUES (1001, 'ç”¨æˆ·æŸ¥è¯¢', 100, 1, '', '', 1, 0, 'F', '0', '0', 'system:user:query', '#', 'admin', '2021-03-18 17:10:05', '', NULL, '');
INSERT INTO `sys_menu` VALUES (1002, 'ç”¨æˆ·æ–°å¢', 100, 2, '', '', 1, 0, 'F', '0', '0', 'system:user:add', '#', 'admin', '2021-03-18 17:10:05', '', NULL, '');
INSERT INTO `sys_menu` VALUES (1003, 'ç”¨æˆ·ä¿®æ”¹', 100, 3, '', '', 1, 0, 'F', '0', '0', 'system:user:edit', '#', 'admin', '2021-03-18 17:10:05', '', NULL, '');
INSERT INTO `sys_menu` VALUES (1004, 'ç”¨æˆ·åˆ é™¤', 100, 4, '', '', 1, 0, 'F', '0', '0', 'system:user:remove', '#', 'admin', '2021-03-18 17:10:05', '', NULL, '');
INSERT INTO `sys_menu` VALUES (1005, 'ç”¨æˆ·å¯¼å‡º', 100, 5, '', '', 1, 0, 'F', '0', '0', 'system:user:export', '#', 'admin', '2021-03-18 17:10:05', '', NULL, '');
INSERT INTO `sys_menu` VALUES (1006, 'ç”¨æˆ·å¯¼å…¥', 100, 6, '', '', 1, 0, 'F', '0', '0', 'system:user:import', '#', 'admin', '2021-03-18 17:10:05', '', NULL, '');
INSERT INTO `sys_menu` VALUES (1007, 'é‡ç½®å¯†ç ', 100, 7, '', '', 1, 0, 'F', '0', '0', 'system:user:resetPwd', '#', 'admin', '2021-03-18 17:10:05', '', NULL, '');
INSERT INTO `sys_menu` VALUES (1008, 'è§’è‰²æŸ¥è¯¢', 101, 1, '', '', 1, 0, 'F', '0', '0', 'system:role:query', '#', 'admin', '2021-03-18 17:10:05', '', NULL, '');
INSERT INTO `sys_menu` VALUES (1009, 'è§’è‰²æ–°å¢', 101, 2, '', '', 1, 0, 'F', '0', '0', 'system:role:add', '#', 'admin', '2021-03-18 17:10:05', '', NULL, '');
INSERT INTO `sys_menu` VALUES (1010, 'è§’è‰²ä¿®æ”¹', 101, 3, '', '', 1, 0, 'F', '0', '0', 'system:role:edit', '#', 'admin', '2021-03-18 17:10:05', '', NULL, '');
INSERT INTO `sys_menu` VALUES (1011, 'è§’è‰²åˆ é™¤', 101, 4, '', '', 1, 0, 'F', '0', '0', 'system:role:remove', '#', 'admin', '2021-03-18 17:10:05', '', NULL, '');
INSERT INTO `sys_menu` VALUES (1012, 'è§’è‰²å¯¼å‡º', 101, 5, '', '', 1, 0, 'F', '0', '0', 'system:role:export', '#', 'admin', '2021-03-18 17:10:05', '', NULL, '');
INSERT INTO `sys_menu` VALUES (1013, 'èœå•æŸ¥è¯¢', 102, 1, '', '', 1, 0, 'F', '0', '0', 'system:menu:query', '#', 'admin', '2021-03-18 17:10:05', '', NULL, '');
INSERT INTO `sys_menu` VALUES (1014, 'èœå•æ–°å¢', 102, 2, '', '', 1, 0, 'F', '0', '0', 'system:menu:add', '#', 'admin', '2021-03-18 17:10:05', '', NULL, '');
INSERT INTO `sys_menu` VALUES (1015, 'èœå•ä¿®æ”¹', 102, 3, '', '', 1, 0, 'F', '0', '0', 'system:menu:edit', '#', 'admin', '2021-03-18 17:10:05', '', NULL, '');
INSERT INTO `sys_menu` VALUES (1016, 'èœå•åˆ é™¤', 102, 4, '', '', 1, 0, 'F', '0', '0', 'system:menu:remove', '#', 'admin', '2021-03-18 17:10:05', '', NULL, '');
INSERT INTO `sys_menu` VALUES (1017, 'éƒ¨é—¨æŸ¥è¯¢', 103, 1, '', '', 1, 0, 'F', '0', '0', 'system:dept:query', '#', 'admin', '2021-03-18 17:10:05', '', NULL, '');
INSERT INTO `sys_menu` VALUES (1018, 'éƒ¨é—¨æ–°å¢', 103, 2, '', '', 1, 0, 'F', '0', '0', 'system:dept:add', '#', 'admin', '2021-03-18 17:10:05', '', NULL, '');
INSERT INTO `sys_menu` VALUES (1019, 'éƒ¨é—¨ä¿®æ”¹', 103, 3, '', '', 1, 0, 'F', '0', '0', 'system:dept:edit', '#', 'admin', '2021-03-18 17:10:05', '', NULL, '');
INSERT INTO `sys_menu` VALUES (1020, 'éƒ¨é—¨åˆ é™¤', 103, 4, '', '', 1, 0, 'F', '0', '0', 'system:dept:remove', '#', 'admin', '2021-03-18 17:10:05', '', NULL, '');
INSERT INTO `sys_menu` VALUES (1021, 'å²—ä½æŸ¥è¯¢', 104, 1, '', '', 1, 0, 'F', '0', '0', 'system:post:query', '#', 'admin', '2021-03-18 17:10:05', '', NULL, '');
INSERT INTO `sys_menu` VALUES (1022, 'å²—ä½æ–°å¢', 104, 2, '', '', 1, 0, 'F', '0', '0', 'system:post:add', '#', 'admin', '2021-03-18 17:10:05', '', NULL, '');
INSERT INTO `sys_menu` VALUES (1023, 'å²—ä½ä¿®æ”¹', 104, 3, '', '', 1, 0, 'F', '0', '0', 'system:post:edit', '#', 'admin', '2021-03-18 17:10:05', '', NULL, '');
INSERT INTO `sys_menu` VALUES (1024, 'å²—ä½åˆ é™¤', 104, 4, '', '', 1, 0, 'F', '0', '0', 'system:post:remove', '#', 'admin', '2021-03-18 17:10:05', '', NULL, '');
INSERT INTO `sys_menu` VALUES (1025, 'å²—ä½å¯¼å‡º', 104, 5, '', '', 1, 0, 'F', '0', '0', 'system:post:export', '#', 'admin', '2021-03-18 17:10:05', '', NULL, '');
INSERT INTO `sys_menu` VALUES (1026, 'å­—å…¸æŸ¥è¯¢', 105, 1, '#', '', 1, 0, 'F', '0', '0', 'system:dict:query', '#', 'admin', '2021-03-18 17:10:05', '', NULL, '');
INSERT INTO `sys_menu` VALUES (1027, 'å­—å…¸æ–°å¢', 105, 2, '#', '', 1, 0, 'F', '0', '0', 'system:dict:add', '#', 'admin', '2021-03-18 17:10:05', '', NULL, '');
INSERT INTO `sys_menu` VALUES (1028, 'å­—å…¸ä¿®æ”¹', 105, 3, '#', '', 1, 0, 'F', '0', '0', 'system:dict:edit', '#', 'admin', '2021-03-18 17:10:05', '', NULL, '');
INSERT INTO `sys_menu` VALUES (1029, 'å­—å…¸åˆ é™¤', 105, 4, '#', '', 1, 0, 'F', '0', '0', 'system:dict:remove', '#', 'admin', '2021-03-18 17:10:05', '', NULL, '');
INSERT INTO `sys_menu` VALUES (1030, 'å­—å…¸å¯¼å‡º', 105, 5, '#', '', 1, 0, 'F', '0', '0', 'system:dict:export', '#', 'admin', '2021-03-18 17:10:05', '', NULL, '');
INSERT INTO `sys_menu` VALUES (1031, 'å‚æ•°æŸ¥è¯¢', 106, 1, '#', '', 1, 0, 'F', '0', '0', 'system:config:query', '#', 'admin', '2021-03-18 17:10:05', '', NULL, '');
INSERT INTO `sys_menu` VALUES (1032, 'å‚æ•°æ–°å¢', 106, 2, '#', '', 1, 0, 'F', '0', '0', 'system:config:add', '#', 'admin', '2021-03-18 17:10:05', '', NULL, '');
INSERT INTO `sys_menu` VALUES (1033, 'å‚æ•°ä¿®æ”¹', 106, 3, '#', '', 1, 0, 'F', '0', '0', 'system:config:edit', '#', 'admin', '2021-03-18 17:10:05', '', NULL, '');
INSERT INTO `sys_menu` VALUES (1034, 'å‚æ•°åˆ é™¤', 106, 4, '#', '', 1, 0, 'F', '0', '0', 'system:config:remove', '#', 'admin', '2021-03-18 17:10:05', '', NULL, '');
INSERT INTO `sys_menu` VALUES (1035, 'å‚æ•°å¯¼å‡º', 106, 5, '#', '', 1, 0, 'F', '0', '0', 'system:config:export', '#', 'admin', '2021-03-18 17:10:05', '', NULL, '');
INSERT INTO `sys_menu` VALUES (1036, 'å…¬å‘ŠæŸ¥è¯¢', 107, 1, '#', '', 1, 0, 'F', '0', '0', 'system:notice:query', '#', 'admin', '2021-03-18 17:10:05', '', NULL, '');
INSERT INTO `sys_menu` VALUES (1037, 'å…¬å‘Šæ–°å¢', 107, 2, '#', '', 1, 0, 'F', '0', '0', 'system:notice:add', '#', 'admin', '2021-03-18 17:10:05', '', NULL, '');
INSERT INTO `sys_menu` VALUES (1038, 'å…¬å‘Šä¿®æ”¹', 107, 3, '#', '', 1, 0, 'F', '0', '0', 'system:notice:edit', '#', 'admin', '2021-03-18 17:10:05', '', NULL, '');
INSERT INTO `sys_menu` VALUES (1039, 'å…¬å‘Šåˆ é™¤', 107, 4, '#', '', 1, 0, 'F', '0', '0', 'system:notice:remove', '#', 'admin', '2021-03-18 17:10:05', '', NULL, '');
INSERT INTO `sys_menu` VALUES (1040, 'æ“ä½œæŸ¥è¯¢', 500, 1, '#', '', 1, 0, 'F', '0', '0', 'monitor:operlog:query', '#', 'admin', '2021-03-18 17:10:05', '', NULL, '');
INSERT INTO `sys_menu` VALUES (1041, 'æ“ä½œåˆ é™¤', 500, 2, '#', '', 1, 0, 'F', '0', '0', 'monitor:operlog:remove', '#', 'admin', '2021-03-18 17:10:05', '', NULL, '');
INSERT INTO `sys_menu` VALUES (1042, 'æ—¥å¿—å¯¼å‡º', 500, 4, '#', '', 1, 0, 'F', '0', '0', 'monitor:operlog:export', '#', 'admin', '2021-03-18 17:10:05', '', NULL, '');
INSERT INTO `sys_menu` VALUES (1043, 'ç™»å½•æŸ¥è¯¢', 501, 1, '#', '', 1, 0, 'F', '0', '0', 'monitor:logininfor:query', '#', 'admin', '2021-03-18 17:10:05', '', NULL, '');
INSERT INTO `sys_menu` VALUES (1044, 'ç™»å½•åˆ é™¤', 501, 2, '#', '', 1, 0, 'F', '0', '0', 'monitor:logininfor:remove', '#', 'admin', '2021-03-18 17:10:05', '', NULL, '');
INSERT INTO `sys_menu` VALUES (1045, 'æ—¥å¿—å¯¼å‡º', 501, 3, '#', '', 1, 0, 'F', '0', '0', 'monitor:logininfor:export', '#', 'admin', '2021-03-18 17:10:05', '', NULL, '');
INSERT INTO `sys_menu` VALUES (1046, 'åœ¨çº¿æŸ¥è¯¢', 109, 1, '#', '', 1, 0, 'F', '0', '0', 'monitor:online:query', '#', 'admin', '2021-03-18 17:10:05', '', NULL, '');
INSERT INTO `sys_menu` VALUES (1047, 'æ‰¹é‡å¼ºé€€', 109, 2, '#', '', 1, 0, 'F', '0', '0', 'monitor:online:batchLogout', '#', 'admin', '2021-03-18 17:10:05', '', NULL, '');
INSERT INTO `sys_menu` VALUES (1048, 'å•æ¡å¼ºé€€', 109, 3, '#', '', 1, 0, 'F', '0', '0', 'monitor:online:forceLogout', '#', 'admin', '2021-03-18 17:10:05', '', NULL, '');
INSERT INTO `sys_menu` VALUES (1049, 'ä»»åŠ¡æŸ¥è¯¢', 110, 1, '#', '', 1, 0, 'F', '0', '0', 'monitor:job:query', '#', 'admin', '2021-03-18 17:10:05', '', NULL, '');
INSERT INTO `sys_menu` VALUES (1050, 'ä»»åŠ¡æ–°å¢', 110, 2, '#', '', 1, 0, 'F', '0', '0', 'monitor:job:add', '#', 'admin', '2021-03-18 17:10:05', '', NULL, '');
INSERT INTO `sys_menu` VALUES (1051, 'ä»»åŠ¡ä¿®æ”¹', 110, 3, '#', '', 1, 0, 'F', '0', '0', 'monitor:job:edit', '#', 'admin', '2021-03-18 17:10:05', '', NULL, '');
INSERT INTO `sys_menu` VALUES (1052, 'ä»»åŠ¡åˆ é™¤', 110, 4, '#', '', 1, 0, 'F', '0', '0', 'monitor:job:remove', '#', 'admin', '2021-03-18 17:10:05', '', NULL, '');
INSERT INTO `sys_menu` VALUES (1053, 'çŠ¶æ€ä¿®æ”¹', 110, 5, '#', '', 1, 0, 'F', '0', '0', 'monitor:job:changeStatus', '#', 'admin', '2021-03-18 17:10:05', '', NULL, '');
INSERT INTO `sys_menu` VALUES (1054, 'ä»»åŠ¡å¯¼å‡º', 110, 7, '#', '', 1, 0, 'F', '0', '0', 'monitor:job:export', '#', 'admin', '2021-03-18 17:10:05', '', NULL, '');
INSERT INTO `sys_menu` VALUES (1055, 'ç”ŸæˆæŸ¥è¯¢', 115, 1, '#', '', 1, 0, 'F', '0', '0', 'tool:gen:query', '#', 'admin', '2021-03-18 17:10:05', '', NULL, '');
INSERT INTO `sys_menu` VALUES (1056, 'ç”Ÿæˆä¿®æ”¹', 115, 2, '#', '', 1, 0, 'F', '0', '0', 'tool:gen:edit', '#', 'admin', '2021-03-18 17:10:05', '', NULL, '');
INSERT INTO `sys_menu` VALUES (1057, 'ç”Ÿæˆåˆ é™¤', 115, 3, '#', '', 1, 0, 'F', '0', '0', 'tool:gen:remove', '#', 'admin', '2021-03-18 17:10:05', '', NULL, '');
INSERT INTO `sys_menu` VALUES (1058, 'å¯¼å…¥ä»£ç ', 115, 2, '#', '', 1, 0, 'F', '0', '0', 'tool:gen:import', '#', 'admin', '2021-03-18 17:10:05', '', NULL, '');
INSERT INTO `sys_menu` VALUES (1059, 'é¢„è§ˆä»£ç ', 115, 4, '#', '', 1, 0, 'F', '0', '0', 'tool:gen:preview', '#', 'admin', '2021-03-18 17:10:05', '', NULL, '');
INSERT INTO `sys_menu` VALUES (1060, 'ç”Ÿæˆä»£ç ', 115, 5, '#', '', 1, 0, 'F', '0', '0', 'tool:gen:code', '#', 'admin', '2021-03-18 17:10:05', '', NULL, '');

-- ----------------------------
-- Table structure for sys_notice
-- ----------------------------
DROP TABLE IF EXISTS `sys_notice`;
CREATE TABLE `sys_notice`  (
  `notice_id` int(0) NOT NULL AUTO_INCREMENT COMMENT 'å…¬å‘ŠID',
  `notice_title` varchar(50) CHARACTER SET utf8mb4 COLLATE utf8mb4_0900_ai_ci NOT NULL COMMENT 'å…¬å‘Šæ ‡é¢˜',
  `notice_type` char(1) CHARACTER SET utf8mb4 COLLATE utf8mb4_0900_ai_ci NOT NULL COMMENT 'å…¬å‘Šç±»å‹ï¼ˆ1é€šçŸ¥ 2å…¬å‘Šï¼‰',
  `notice_content` longblob NULL COMMENT 'å…¬å‘Šå†…å®¹',
  `state` char(1) CHARACTER SET utf8mb4 COLLATE utf8mb4_0900_ai_ci NULL DEFAULT '0' COMMENT 'å…¬å‘ŠçŠ¶æ€ï¼ˆ0æ­£å¸¸ 1å…³é—­ï¼‰',
  `create_by` varchar(64) CHARACTER SET utf8mb4 COLLATE utf8mb4_0900_ai_ci NULL DEFAULT '' COMMENT 'åˆ›å»ºè€…',
  `create_time` datetime(0) NULL DEFAULT NULL COMMENT 'åˆ›å»ºæ—¶é—´',
  `update_by` varchar(64) CHARACTER SET utf8mb4 COLLATE utf8mb4_0900_ai_ci NULL DEFAULT '' COMMENT 'æ›´æ–°è€…',
  `update_time` datetime(0) NULL DEFAULT NULL COMMENT 'æ›´æ–°æ—¶é—´',
  `remark` varchar(255) CHARACTER SET utf8mb4 COLLATE utf8mb4_0900_ai_ci NULL DEFAULT NULL COMMENT 'å¤‡æ³¨',
  PRIMARY KEY (`notice_id`) USING BTREE
) ENGINE = InnoDB CHARACTER SET = utf8mb4 COLLATE = utf8mb4_0900_ai_ci COMMENT = 'é€šçŸ¥å…¬å‘Šè¡¨' ROW_FORMAT = Dynamic;

-- ----------------------------
-- Records of sys_notice
-- ----------------------------

-- ----------------------------
-- Table structure for sys_oper_log
-- ----------------------------
DROP TABLE IF EXISTS `sys_oper_log`;
CREATE TABLE `sys_oper_log`  (
  `oper_id` bigint(0) NOT NULL AUTO_INCREMENT COMMENT 'æ—¥å¿—ä¸»é”®',
  `business_type` int(0) NULL DEFAULT 99 COMMENT 'ä¸šåŠ¡ç±»å‹(å…¶ä»–other,åˆ é™¤delete,æŸ¥è¯¢select,ä¿®æ”¹update,æ–°å¢INSERT(\"insert,ç”Ÿæˆä»£ç generate,ä¸‹è½½download,å¯¼å‡ºexport,æˆæƒgrant,å¯¼å…¥import,å¼ºé€€force,æ¸…ç©ºæ•°æ®clean',
  `method` varchar(100) CHARACTER SET utf8mb4 COLLATE utf8mb4_0900_ai_ci NULL DEFAULT '' COMMENT 'æ–¹æ³•åç§°',
  `method_detail` varchar(100) CHARACTER SET utf8mb4 COLLATE utf8mb4_0900_ai_ci NULL DEFAULT NULL COMMENT 'æ–¹æ³•æè¿°(è¿™ä¸ªæ–¹æ³•æ˜¯å¹²ä»€ä¹ˆçš„)',
  `request_url` varchar(255) CHARACTER SET utf8mb4 COLLATE utf8mb4_0900_ai_ci NULL DEFAULT '' COMMENT 'è¯·æ±‚URL',
  `request_method` varchar(10) CHARACTER SET utf8mb4 COLLATE utf8mb4_0900_ai_ci NULL DEFAULT '' COMMENT 'è¯·æ±‚æ–¹å¼(post,get,put,delete)',
  `request_param` varchar(2000) CHARACTER SET utf8mb4 COLLATE utf8mb4_0900_ai_ci NULL DEFAULT '' COMMENT 'è¯·æ±‚å‚æ•°',
  `respose_result` varchar(2000) CHARACTER SET utf8mb4 COLLATE utf8mb4_0900_ai_ci NULL DEFAULT '' COMMENT 'è¿”å›å‚æ•°',
  `state` char(1) NULL DEFAULT 0 COMMENT 'æ“ä½œçŠ¶æ€ï¼ˆ0æ­£å¸¸ 1å¼‚å¸¸ï¼‰',
  `oper_unit` varchar(50) CHARACTER SET utf8mb4 COLLATE utf8mb4_0900_ai_ci NULL DEFAULT '' COMMENT 'è¢«æ“ä½œçš„å¯¹è±¡(æ­¤å¤„ä½¿ç”¨enum):å¯ä»¥æ˜¯ä»»ä½•å¯¹è±¡ï¼Œå¦‚è¡¨å(user)ï¼Œæˆ–è€…æ˜¯å·¥å…·(redis)',
  `oper_client` varchar(50) CHARACTER SET utf8mb4 COLLATE utf8mb4_0900_ai_ci NULL DEFAULT 'unknown' COMMENT 'æ“ä½œå®¢æˆ·ç«¯',
  `oper_name` varchar(50) CHARACTER SET utf8mb4 COLLATE utf8mb4_0900_ai_ci NULL DEFAULT '' COMMENT 'æ“ä½œäººå‘˜',
  `oper_ip` varchar(128) CHARACTER SET utf8mb4 COLLATE utf8mb4_0900_ai_ci NULL DEFAULT '' COMMENT 'ä¸»æœºåœ°å€',
  `oper_address` varchar(255) CHARACTER SET utf8mb4 COLLATE utf8mb4_0900_ai_ci NULL DEFAULT '' COMMENT 'æ“ä½œåœ°ç‚¹',
  `error_msg` varchar(2000) CHARACTER SET utf8mb4 COLLATE utf8mb4_0900_ai_ci NULL DEFAULT '' COMMENT 'é”™è¯¯æ¶ˆæ¯',
  `oper_time` datetime(0) NULL DEFAULT NULL COMMENT 'æ“ä½œæ—¶é—´',
  PRIMARY KEY (`oper_id`) USING BTREE
) ENGINE = InnoDB CHARACTER SET = utf8mb4 COLLATE = utf8mb4_0900_ai_ci COMMENT = 'æ“ä½œæ—¥å¿—è®°å½•' ROW_FORMAT = Dynamic;

-- ----------------------------
-- Records of sys_oper_log
-- ----------------------------

-- ----------------------------
-- Table structure for sys_post
-- ----------------------------
DROP TABLE IF EXISTS `sys_post`;
CREATE TABLE `sys_post`  (
  `post_id` bigint(0) NOT NULL AUTO_INCREMENT COMMENT 'å²—ä½ID',
  `post_code` varchar(64) CHARACTER SET utf8mb4 COLLATE utf8mb4_0900_ai_ci NOT NULL COMMENT 'å²—ä½ç¼–ç ',
  `post_name` varchar(50) CHARACTER SET utf8mb4 COLLATE utf8mb4_0900_ai_ci NOT NULL COMMENT 'å²—ä½åç§°',
  `post_sort` int(0) NOT NULL COMMENT 'æ˜¾ç¤ºé¡ºåº',
  `state` char(1) CHARACTER SET utf8mb4 COLLATE utf8mb4_0900_ai_ci NOT NULL COMMENT 'çŠ¶æ€ï¼ˆ0æ­£å¸¸ 1åœç”¨ï¼‰',
  `create_by` varchar(64) CHARACTER SET utf8mb4 COLLATE utf8mb4_0900_ai_ci NULL DEFAULT '' COMMENT 'åˆ›å»ºè€…',
  `create_time` datetime(0) NULL DEFAULT NULL COMMENT 'åˆ›å»ºæ—¶é—´',
  `update_by` varchar(64) CHARACTER SET utf8mb4 COLLATE utf8mb4_0900_ai_ci NULL DEFAULT '' COMMENT 'æ›´æ–°è€…',
  `update_time` datetime(0) NULL DEFAULT NULL COMMENT 'æ›´æ–°æ—¶é—´',
  `remark` varchar(500) CHARACTER SET utf8mb4 COLLATE utf8mb4_0900_ai_ci NULL DEFAULT NULL COMMENT 'å¤‡æ³¨',
  PRIMARY KEY (`post_id`) USING BTREE
) ENGINE = InnoDB CHARACTER SET = utf8mb4 COLLATE = utf8mb4_0900_ai_ci COMMENT = 'å²—ä½ä¿¡æ¯è¡¨' ROW_FORMAT = Dynamic;

-- ----------------------------
-- Records of sys_post
-- ----------------------------

-- ----------------------------
-- Table structure for sys_role
-- ----------------------------
DROP TABLE IF EXISTS `sys_role`;
CREATE TABLE `sys_role`  (
  `role_id` bigint(0) NOT NULL AUTO_INCREMENT COMMENT 'è§’è‰²ID',
  `role_name` varchar(30) CHARACTER SET utf8mb4 COLLATE utf8mb4_0900_ai_ci NOT NULL COMMENT 'è§’è‰²åç§°',
  `role_key` varchar(100) CHARACTER SET utf8mb4 COLLATE utf8mb4_0900_ai_ci NOT NULL COMMENT 'è§’è‰²æƒé™å­—ç¬¦ä¸²',
  `role_sort` int(0) NOT NULL COMMENT 'æ˜¾ç¤ºé¡ºåº',
  `data_scope` char(1) CHARACTER SET utf8mb4 COLLATE utf8mb4_0900_ai_ci NULL DEFAULT '1' COMMENT 'æ•°æ®èŒƒå›´ï¼ˆ1ï¼šå…¨éƒ¨æ•°æ®æƒé™ 2ï¼šè‡ªå®šæ•°æ®æƒé™ 3ï¼šæœ¬éƒ¨é—¨æ•°æ®æƒé™ 4ï¼šæœ¬éƒ¨é—¨åŠä»¥ä¸‹æ•°æ®æƒé™ï¼‰',
  `menu_check_strictly` tinyint(1) NULL DEFAULT 1 COMMENT 'èœå•æ ‘é€‰æ‹©é¡¹æ˜¯å¦å…³è”æ˜¾ç¤º',
  `dept_check_strictly` tinyint(1) NULL DEFAULT 1 COMMENT 'éƒ¨é—¨æ ‘é€‰æ‹©é¡¹æ˜¯å¦å…³è”æ˜¾ç¤º',
  `state` char(1) CHARACTER SET utf8mb4 COLLATE utf8mb4_0900_ai_ci NOT NULL COMMENT 'è§’è‰²çŠ¶æ€ï¼ˆ0æ­£å¸¸ 1åœç”¨ï¼‰',
  `del_flag` char(1) CHARACTER SET utf8mb4 COLLATE utf8mb4_0900_ai_ci NULL DEFAULT '0' COMMENT 'åˆ é™¤æ ‡å¿—ï¼ˆ0ä»£è¡¨å­˜åœ¨ 2ä»£è¡¨åˆ é™¤ï¼‰',
  `create_by` varchar(64) CHARACTER SET utf8mb4 COLLATE utf8mb4_0900_ai_ci NULL DEFAULT '' COMMENT 'åˆ›å»ºè€…',
  `create_time` datetime(0) NULL DEFAULT NULL COMMENT 'åˆ›å»ºæ—¶é—´',
  `update_by` varchar(64) CHARACTER SET utf8mb4 COLLATE utf8mb4_0900_ai_ci NULL DEFAULT '' COMMENT 'æ›´æ–°è€…',
  `update_time` datetime(0) NULL DEFAULT NULL COMMENT 'æ›´æ–°æ—¶é—´',
  `remark` varchar(500) CHARACTER SET utf8mb4 COLLATE utf8mb4_0900_ai_ci NULL DEFAULT NULL COMMENT 'å¤‡æ³¨',
  PRIMARY KEY (`role_id`) USING BTREE
) ENGINE = InnoDB AUTO_INCREMENT = 3 CHARACTER SET = utf8mb4 COLLATE = utf8mb4_0900_ai_ci COMMENT = 'è§’è‰²ä¿¡æ¯è¡¨' ROW_FORMAT = Dynamic;

-- ----------------------------
-- Records of sys_role
-- ----------------------------
INSERT INTO `sys_role` VALUES (1, 'è¶…çº§ç®¡ç†å‘˜', 'admin', 1, '1', 1, 1, '0', '0', 'admin', '2021-03-18 17:10:05', '', NULL, 'è¶…çº§ç®¡ç†å‘˜');
INSERT INTO `sys_role` VALUES (2, 'æ™®é€šè§’è‰²', 'common', 2, '2', 1, 1, '0', '0', 'admin', '2021-03-18 17:10:05', '', NULL, 'æ™®é€šè§’è‰²');
INSERT INTO `sys_role` VALUES (3, 'åå°è§’è‰²', 'hou', 3, '1', 1, 1, '0', '0', 'admin', '2021-03-29 14:44:18', '', NULL, NULL);

-- ----------------------------
-- Table structure for sys_role_dept
-- ----------------------------
DROP TABLE IF EXISTS `sys_role_dept`;
CREATE TABLE `sys_role_dept`  (
  `role_id` bigint(0) NOT NULL COMMENT 'è§’è‰²ID',
  `dept_id` bigint(0) NOT NULL COMMENT 'éƒ¨é—¨ID',
  PRIMARY KEY (`role_id`, `dept_id`) USING BTREE
) ENGINE = InnoDB CHARACTER SET = utf8mb4 COLLATE = utf8mb4_0900_ai_ci COMMENT = 'è§’è‰²å’Œéƒ¨é—¨å…³è”è¡¨' ROW_FORMAT = Dynamic;

-- ----------------------------
-- Records of sys_role_dept
-- ----------------------------

-- ----------------------------
-- Table structure for sys_role_menu
-- ----------------------------
DROP TABLE IF EXISTS `sys_role_menu`;
CREATE TABLE `sys_role_menu`  (
  `role_id` bigint(0) NOT NULL COMMENT 'è§’è‰²ID',
  `menu_id` bigint(0) NOT NULL COMMENT 'èœå•ID',
  PRIMARY KEY (`role_id`, `menu_id`) USING BTREE
) ENGINE = InnoDB CHARACTER SET = utf8mb4 COLLATE = utf8mb4_0900_ai_ci COMMENT = 'è§’è‰²å’Œèœå•å…³è”è¡¨' ROW_FORMAT = Dynamic;

-- ----------------------------
-- Records of sys_role_menu
-- ----------------------------
INSERT INTO `sys_role_menu` VALUES (2, 1);
INSERT INTO `sys_role_menu` VALUES (2, 2);
INSERT INTO `sys_role_menu` VALUES (2, 3);
INSERT INTO `sys_role_menu` VALUES (2, 4);
INSERT INTO `sys_role_menu` VALUES (2, 100);
INSERT INTO `sys_role_menu` VALUES (2, 101);
INSERT INTO `sys_role_menu` VALUES (2, 102);
INSERT INTO `sys_role_menu` VALUES (2, 103);
INSERT INTO `sys_role_menu` VALUES (2, 104);
INSERT INTO `sys_role_menu` VALUES (2, 105);
INSERT INTO `sys_role_menu` VALUES (2, 106);
INSERT INTO `sys_role_menu` VALUES (2, 107);
INSERT INTO `sys_role_menu` VALUES (2, 108);
INSERT INTO `sys_role_menu` VALUES (2, 109);
INSERT INTO `sys_role_menu` VALUES (2, 110);
INSERT INTO `sys_role_menu` VALUES (2, 111);
INSERT INTO `sys_role_menu` VALUES (2, 112);
INSERT INTO `sys_role_menu` VALUES (2, 113);
INSERT INTO `sys_role_menu` VALUES (2, 114);
INSERT INTO `sys_role_menu` VALUES (2, 115);
INSERT INTO `sys_role_menu` VALUES (2, 116);
INSERT INTO `sys_role_menu` VALUES (2, 500);
INSERT INTO `sys_role_menu` VALUES (2, 501);
INSERT INTO `sys_role_menu` VALUES (2, 1000);
INSERT INTO `sys_role_menu` VALUES (2, 1001);
INSERT INTO `sys_role_menu` VALUES (2, 1002);
INSERT INTO `sys_role_menu` VALUES (2, 1003);
INSERT INTO `sys_role_menu` VALUES (2, 1004);
INSERT INTO `sys_role_menu` VALUES (2, 1005);
INSERT INTO `sys_role_menu` VALUES (2, 1006);
INSERT INTO `sys_role_menu` VALUES (2, 1007);
INSERT INTO `sys_role_menu` VALUES (2, 1008);
INSERT INTO `sys_role_menu` VALUES (2, 1009);
INSERT INTO `sys_role_menu` VALUES (2, 1010);
INSERT INTO `sys_role_menu` VALUES (2, 1011);
INSERT INTO `sys_role_menu` VALUES (2, 1012);
INSERT INTO `sys_role_menu` VALUES (2, 1013);
INSERT INTO `sys_role_menu` VALUES (2, 1014);
INSERT INTO `sys_role_menu` VALUES (2, 1015);
INSERT INTO `sys_role_menu` VALUES (2, 1016);
INSERT INTO `sys_role_menu` VALUES (2, 1017);
INSERT INTO `sys_role_menu` VALUES (2, 1018);
INSERT INTO `sys_role_menu` VALUES (2, 1019);
INSERT INTO `sys_role_menu` VALUES (2, 1020);
INSERT INTO `sys_role_menu` VALUES (2, 1021);
INSERT INTO `sys_role_menu` VALUES (2, 1022);
INSERT INTO `sys_role_menu` VALUES (2, 1023);
INSERT INTO `sys_role_menu` VALUES (2, 1024);
INSERT INTO `sys_role_menu` VALUES (2, 1025);
INSERT INTO `sys_role_menu` VALUES (2, 1026);
INSERT INTO `sys_role_menu` VALUES (2, 1027);
INSERT INTO `sys_role_menu` VALUES (2, 1028);
INSERT INTO `sys_role_menu` VALUES (2, 1029);
INSERT INTO `sys_role_menu` VALUES (2, 1030);
INSERT INTO `sys_role_menu` VALUES (2, 1031);
INSERT INTO `sys_role_menu` VALUES (2, 1032);
INSERT INTO `sys_role_menu` VALUES (2, 1033);
INSERT INTO `sys_role_menu` VALUES (2, 1034);
INSERT INTO `sys_role_menu` VALUES (2, 1035);
INSERT INTO `sys_role_menu` VALUES (2, 1036);
INSERT INTO `sys_role_menu` VALUES (2, 1037);
INSERT INTO `sys_role_menu` VALUES (2, 1038);
INSERT INTO `sys_role_menu` VALUES (2, 1039);
INSERT INTO `sys_role_menu` VALUES (2, 1040);
INSERT INTO `sys_role_menu` VALUES (2, 1041);
INSERT INTO `sys_role_menu` VALUES (2, 1042);
INSERT INTO `sys_role_menu` VALUES (2, 1043);
INSERT INTO `sys_role_menu` VALUES (2, 1044);
INSERT INTO `sys_role_menu` VALUES (2, 1045);
INSERT INTO `sys_role_menu` VALUES (2, 1046);
INSERT INTO `sys_role_menu` VALUES (2, 1047);
INSERT INTO `sys_role_menu` VALUES (2, 1048);
INSERT INTO `sys_role_menu` VALUES (2, 1049);
INSERT INTO `sys_role_menu` VALUES (2, 1050);
INSERT INTO `sys_role_menu` VALUES (2, 1051);
INSERT INTO `sys_role_menu` VALUES (2, 1052);
INSERT INTO `sys_role_menu` VALUES (2, 1053);
INSERT INTO `sys_role_menu` VALUES (2, 1054);
INSERT INTO `sys_role_menu` VALUES (2, 1055);
INSERT INTO `sys_role_menu` VALUES (2, 1056);
INSERT INTO `sys_role_menu` VALUES (2, 1057);
INSERT INTO `sys_role_menu` VALUES (2, 1058);
INSERT INTO `sys_role_menu` VALUES (2, 1059);
INSERT INTO `sys_role_menu` VALUES (2, 1060);

-- ----------------------------
-- Table structure for sys_user
-- ----------------------------
DROP TABLE IF EXISTS `sys_user`;
CREATE TABLE `sys_user`  (
  `user_id` bigint(0) NOT NULL AUTO_INCREMENT COMMENT 'ç”¨æˆ·ID',
  `username` varchar(30) CHARACTER SET utf8mb4 COLLATE utf8mb4_0900_ai_ci NOT NULL COMMENT 'ç”¨æˆ·è´¦å·',
  `password` varchar(100) CHARACTER SET utf8mb4 COLLATE utf8mb4_0900_ai_ci NULL DEFAULT '' COMMENT 'å¯†ç ',
  `nick_name` varchar(30) CHARACTER SET utf8mb4 COLLATE utf8mb4_0900_ai_ci NOT NULL COMMENT 'ç”¨æˆ·æ˜µç§°',
  `user_type` varchar(2) CHARACTER SET utf8mb4 COLLATE utf8mb4_0900_ai_ci NULL DEFAULT '00' COMMENT 'ç”¨æˆ·ç±»å‹ï¼ˆ00ç³»ç»Ÿç”¨æˆ·ï¼‰',
  `email` varchar(50) CHARACTER SET utf8mb4 COLLATE utf8mb4_0900_ai_ci NULL DEFAULT '' COMMENT 'ç”¨æˆ·é‚®ç®±',
  `phone_number` varchar(11) CHARACTER SET utf8mb4 COLLATE utf8mb4_0900_ai_ci NULL DEFAULT '' COMMENT 'æ‰‹æœºå·ç ',
  `sex` char(1) CHARACTER SET utf8mb4 COLLATE utf8mb4_0900_ai_ci NULL DEFAULT '9' COMMENT 'ç”¨æˆ·æ€§åˆ«ï¼ˆ1ç”· 2å¥³ 9æœªçŸ¥ï¼‰',
  `avatar` varchar(100) CHARACTER SET utf8mb4 COLLATE utf8mb4_0900_ai_ci NULL DEFAULT '' COMMENT 'å¤´åƒåœ°å€',
  `is_enabled` tinyint(1) NULL DEFAULT 1 COMMENT 'å¸å·æ˜¯å¦å¯ç”¨',
  `is_credentials_non_expired` tinyint(1) NULL DEFAULT 1 COMMENT 'å‡­è¯æœªè¿‡æœŸ',
  `is_account_non_locked` tinyint(1) NULL DEFAULT 1 COMMENT 'å¸æˆ·æœªé”å®š',
  `is_account_non_expired` tinyint(1) NULL DEFAULT 1 COMMENT 'å¸æˆ·æœªè¿‡æœŸ',
  `create_by` varchar(64) CHARACTER SET utf8mb4 COLLATE utf8mb4_0900_ai_ci NULL DEFAULT '' COMMENT 'åˆ›å»ºè€…',
  `create_time` datetime(0) NULL DEFAULT NULL COMMENT 'åˆ›å»ºæ—¶é—´',
  `update_by` varchar(64) CHARACTER SET utf8mb4 COLLATE utf8mb4_0900_ai_ci NULL DEFAULT '' COMMENT 'æ›´æ–°è€…',
  `update_time` datetime(0) NULL DEFAULT NULL COMMENT 'æ›´æ–°æ—¶é—´',
  `del_flag` char(1) CHARACTER SET utf8mb4 COLLATE utf8mb4_0900_ai_ci NULL DEFAULT '0' COMMENT 'åˆ é™¤æ ‡å¿—ï¼ˆ0ä»£è¡¨å­˜åœ¨ 2ä»£è¡¨åˆ é™¤ï¼‰',
  `remark` varchar(500) CHARACTER SET utf8mb4 COLLATE utf8mb4_0900_ai_ci NULL DEFAULT NULL COMMENT 'å¤‡æ³¨',
  PRIMARY KEY (`user_id`) USING BTREE
) ENGINE = InnoDB AUTO_INCREMENT = 100 CHARACTER SET = utf8mb4 COLLATE = utf8mb4_0900_ai_ci COMMENT = 'ç”¨æˆ·ä¿¡æ¯è¡¨' ROW_FORMAT = Dynamic;

-- ----------------------------
-- Records of sys_user
-- ----------------------------
INSERT INTO `sys_user` VALUES (1, 'admin', '$2a$10$5T851lZ7bc2U87zjt/9S6OkwmLW62tLeGLB2aCmq3XRZHA7OI7Dqa', 'è‹¥ä¾ç®¡ç†å‘˜', '00', 'ry@163.com', '15888888888', '9', '', 1, 1, 1, 1, 'admin', '2021-03-18 17:10:05', '', NULL, '0', 'ç®¡ç†å‘˜');
INSERT INTO `sys_user` VALUES (2, 'ry', '$2a$10$5T851lZ7bc2U87zjt/9S6OkwmLW62tLeGLB2aCmq3XRZHA7OI7Dqa', 'è‹¥ä¾', '00', 'ry@qq.com', '15666666666', '9', '', 1, 1, 1, 1, 'admin', '2021-03-18 17:10:05', '', NULL, '0', 'æµ‹è¯•å‘˜');

-- ----------------------------
-- Table structure for sys_user_dept
-- ----------------------------
DROP TABLE IF EXISTS `sys_user_dept`;
CREATE TABLE `sys_user_dept`  (
  `user_id` bigint(0) NOT NULL COMMENT 'ç”¨æˆ·ID',
  `dept_id` bigint(0) NOT NULL COMMENT 'éƒ¨é—¨ID',
  PRIMARY KEY (`user_id`, `dept_id`) USING BTREE,
  UNIQUE INDEX `sys_user_dept_un`(`user_id`) USING BTREE
) ENGINE = InnoDB CHARACTER SET = utf8mb4 COLLATE = utf8mb4_0900_ai_ci ROW_FORMAT = Dynamic;

-- ----------------------------
-- Records of sys_user_dept
-- ----------------------------
INSERT INTO `sys_user_dept` VALUES (1, 103);
INSERT INTO `sys_user_dept` VALUES (2, 105);

-- ----------------------------
-- Table structure for sys_user_post
-- ----------------------------
DROP TABLE IF EXISTS `sys_user_post`;
CREATE TABLE `sys_user_post`  (
  `user_id` bigint(0) NOT NULL COMMENT 'ç”¨æˆ·ID',
  `post_id` bigint(0) NOT NULL COMMENT 'å²—ä½ID',
  PRIMARY KEY (`user_id`, `post_id`) USING BTREE
) ENGINE = InnoDB CHARACTER SET = utf8mb4 COLLATE = utf8mb4_0900_ai_ci COMMENT = 'ç”¨æˆ·ä¸å²—ä½å…³è”è¡¨' ROW_FORMAT = Dynamic;

-- ----------------------------
-- Records of sys_user_post
-- ----------------------------

-- ----------------------------
-- Table structure for sys_user_role
-- ----------------------------
DROP TABLE IF EXISTS `sys_user_role`;
CREATE TABLE `sys_user_role`  (
  `user_id` bigint(0) NOT NULL COMMENT 'ç”¨æˆ·ID',
  `role_id` bigint(0) NOT NULL COMMENT 'è§’è‰²ID',
  PRIMARY KEY (`user_id`, `role_id`) USING BTREE
) ENGINE = InnoDB CHARACTER SET = utf8mb4 COLLATE = utf8mb4_0900_ai_ci COMMENT = 'ç”¨æˆ·å’Œè§’è‰²å…³è”è¡¨' ROW_FORMAT = Dynamic;

-- ----------------------------
-- Records of sys_user_role
-- ----------------------------
INSERT INTO `sys_user_role` VALUES (1, 1);
INSERT INTO `sys_user_role` VALUES (2, 2);
INSERT INTO `sys_user_role` VALUES (2, 3);

SET FOREIGN_KEY_CHECKS = 1;
